id;reference;montant;date_paiement;mode_paiement;commentaire;calcul_id
1;physical;8039.27;2026-05-05;that;awful;1
2;atop;10773.48;2026-05-04;shanghai flowery;bicycle embody amongst;2
3;carnival joshingly;25098.44;2026-05-04;pish urgently yet;ack;3
4;unto jut;2635.48;2026-05-05;assist given;a likely adviser;4
5;ramp following;12245.3;2026-05-05;modulo powerful;meager;5
6;forceful;11181.25;2026-05-05;absolve;incidentally spectate sans;6
7;gallivant;3905.48;2026-05-04;prance dutiful yippee;brr since;7
8;so ocelot qua;14408.17;2026-05-05;yahoo;loftily soup;8
9;remorseful;32393.55;2026-05-04;along;sneaky veto hopelessly;9
10;over boo;8105.1;2026-05-04;poetry separately;jaunty since although;10
11;judgementally;1435.25;2026-05-05;minus boohoo;hastily;11
12;cemetery wherever;4510.22;2026-05-04;license;phooey;12
13;queasily coaxingly eek;32344.5;2026-05-05;fishery lender where;best sonata;13
14;overcooked;11994.56;2026-05-05;um;above leading;14
15;always while;14897.53;2026-05-04;since ick unimpressively;so er suburban;15
16;lined geez airport;15501.9;2026-05-04;acceptable;to hippodrome mundane;16
17;duh;19496.56;2026-05-05;bouncy;doubtfully forgery barring;17
18;babushka;11173.59;2026-05-05;since thoroughly hamburger;hm;18
19;scramble saw antagonize;21826.13;2026-05-04;reword;officially knowledgeably insignificant;19
20;providence provided;28132.31;2026-05-04;larva where ick;speedy gullible;20
21;strategy;32484.1;2026-05-05;quicker dampen;retention;21
22;burdensome;7719.56;2026-05-04;honestly unless unlike;though bitterly;22
23;what indeed;15683.5;2026-05-04;boldly dampen;pip whopping good;23
24;superb whoever;30475.81;2026-05-05;woot mosh;gerbil;24
25;fooey ack;14807.88;2026-05-05;knitting;woot potentially;25
26;flimsy;18487.99;2026-05-04;ouch brightly lifestyle;till;26
27;consequently emergent;7464.73;2026-05-05;for ectoderm hyena;greedily;27
28;metabolite tribe;31775.61;2026-05-05;boohoo wrongly;although;28
29;birdbath;17791.76;2026-05-04;rejoin;braid;29
30;like;22339.49;2026-05-05;frantically lest;mmm;30
