id;code;valeur;description;actif
1;failing formula;because whereas;../fake-data/blob/hipster.txt;false
2;arid mixed cleverly;progress mmm;../fake-data/blob/hipster.txt;true
3;finer;bench frail relieve;../fake-data/blob/hipster.txt;true
4;to homely react;doodle cauliflower;../fake-data/blob/hipster.txt;false
5;skeletal wrongly um;gallery minus;../fake-data/blob/hipster.txt;false
6;shanghai barring;er;../fake-data/blob/hipster.txt;true
7;kookily er;suddenly concentration;../fake-data/blob/hipster.txt;false
8;charm lounge;ew;../fake-data/blob/hipster.txt;true
9;aged;lift valuable remand;../fake-data/blob/hipster.txt;false
10;fowl collaboration;pretend;../fake-data/blob/hipster.txt;true
11;fooey decision catch;fumigate geez;../fake-data/blob/hipster.txt;true
12;gah shoot;throughout woot characterization;../fake-data/blob/hipster.txt;false
13;vacation pull woot;amnesty restfully unusual;../fake-data/blob/hipster.txt;false
14;loyally;aha;../fake-data/blob/hipster.txt;true
15;yum nun;properly knickers excitable;../fake-data/blob/hipster.txt;false
16;boo courageously;ouch tightly out;../fake-data/blob/hipster.txt;false
17;because responsibility;battle prestigious iterate;../fake-data/blob/hipster.txt;true
18;unto unless fatally;emulsify yahoo;../fake-data/blob/hipster.txt;true
19;descendant lay;unfreeze abacus lack;../fake-data/blob/hipster.txt;true
20;selfish rejoin;badly;../fake-data/blob/hipster.txt;true
21;enormously dreamily plus;priesthood;../fake-data/blob/hipster.txt;true
22;aha;while;../fake-data/blob/hipster.txt;true
23;rebound petty;banish;../fake-data/blob/hipster.txt;false
24;below interestingly;fledgling;../fake-data/blob/hipster.txt;false
25;ecstatic;forenenst grandson;../fake-data/blob/hipster.txt;true
26;ugh rue gadzooks;snuggle;../fake-data/blob/hipster.txt;true
27;nicely;foretell frankly;../fake-data/blob/hipster.txt;true
28;bah;who;../fake-data/blob/hipster.txt;false
29;idealistic;boo whereas;../fake-data/blob/hipster.txt;false
30;cautiously indeed;frivolous um;../fake-data/blob/hipster.txt;true
