id;reference;date_reception;fournisseur;commentaire;boutique_id;utilisateur_id
1;behind;2026-05-04T22:53:16;smoothly gah fluff;aboard;1;1
2;finally uh-huh;2026-05-05T05:26:13;excitable why;um yuck opposite;2;2
3;once separately;2026-05-05T00:29:48;gape lowball metabolite;bicycle heartbeat;3;2
4;boastfully;2026-05-05T08:20:39;into;pro nearly;4;1
5;self-assured screw;2026-05-04T15:17:21;feline finding;pish;5;1
6;athletic before after;2026-05-05T06:54:20;obediently upliftingly;polyester woot;6;1
7;beside although bitter;2026-05-04T22:04:38;summer;disadvantage;7;2
8;around provided;2026-05-05T04:58:55;webbed meh generously;oof as;8;1
9;why wherever;2026-05-05T06:48:22;ugh drat;fortunately;9;1
10;below mmm;2026-05-05T03:14:26;armchair;impish frequent;10;1
11;wallaby yowza wombat;2026-05-05T08:05:37;tentacle;miscalculate broadly tight;11;2
12;self-confidence searchingly elegant;2026-05-05T00:39:07;unto gallery continually;aboard;12;2
13;hyena hm unless;2026-05-04T18:27:12;stained amid frankly;mortally gradient;13;1
14;mostly;2026-05-05T05:35:09;outgoing;anenst from;14;2
15;until harvest;2026-05-05T03:27:05;livid;awkwardly sans;15;2
16;excluding brightly;2026-05-05T07:45:50;phooey bitterly alert;underplay and nice;16;1
17;drat joyful;2026-05-04T13:53:02;attraction apud jealously;minus;17;2
18;wavy;2026-05-04T11:17:38;demonstrate even;though;18;2
19;greedy polished;2026-05-04T16:24:14;oh captain into;super reboot;19;1
20;advertisement competent when;2026-05-04T14:20:08;intently ugh;aw finally;20;1
21;gloom restaurant severe;2026-05-04T19:38:04;by ugh inside;lively intensely;21;2
22;eek but till;2026-05-04T13:36:13;worth warmly;if er furthermore;22;1
23;quaintly wherever geez;2026-05-05T07:23:23;release pace;so;23;2
24;knife capitalise;2026-05-04T11:53:49;optimistically;unwilling;24;1
25;who;2026-05-05T09:28:32;earnest;for;25;2
26;above qua;2026-05-05T08:56:36;oh;hydrolyse gruesome;26;1
27;reapply;2026-05-05T03:59:08;oof;following annually;27;2
28;graceful;2026-05-04T18:48:18;terrible each even;similar second-hand;28;1
29;intervention gleefully;2026-05-04T23:50:54;jazz till deploy;heartache furthermore;29;1
30;frantically er remark;2026-05-04T13:15:01;abacus boohoo optimistically;oh;30;2
